BEGIN TRAN 

SET IDENTITY_INSERT [SEC].[Permission] ON
INSERT INTO [SEC].[Roles] ([Id], [Name]) VALUES (3, N'Basic')
SET IDENTITY_INSERT [SEC].[Permission] OFF
GO

SET IDENTITY_INSERT [SEC].[Permission] ON
INSERT INTO [SEC].[Permission] ([Id], [Description]) VALUES (28, N'Configuration')
INSERT INTO [SEC].[Permission] ([Id], [Description]) VALUES (41, N'Excel')
INSERT INTO [SEC].[Permission] ([Id], [Description]) VALUES (43, N'Administrator dashboard')
INSERT INTO [SEC].[Permission] ([Id], [Description]) VALUES (46, N'Dashboard')
INSERT INTO [SEC].[Permission] ([Id], [Description]) VALUES (47, N'Comparison')
INSERT INTO [SEC].[Permission] ([Id], [Description]) VALUES (1029, N'Basic')
SET IDENTITY_INSERT [SEC].[Permission] OFF
GO

SET IDENTITY_INSERT [SEC].[Activity] ON
INSERT INTO [SEC].[Activity] ([Id], [Controller], [Action], [Method], [PermissionId]) VALUES (1, N'Account', N'Login', N'GET', 1029)
INSERT INTO [SEC].[Activity] ([Id], [Controller], [Action], [Method], [PermissionId]) VALUES (2, N'Account', N'Login', N'POST', 1029)
INSERT INTO [SEC].[Activity] ([Id], [Controller], [Action], [Method], [PermissionId]) VALUES (3, N'Account', N'VerifyCode', N'GET', 1029)
INSERT INTO [SEC].[Activity] ([Id], [Controller], [Action], [Method], [PermissionId]) VALUES (4, N'Account', N'VerifyCode', N'POST', 1029)
INSERT INTO [SEC].[Activity] ([Id], [Controller], [Action], [Method], [PermissionId]) VALUES (7, N'Account', N'ConfirmEmail', N'GET', 1029)
INSERT INTO [SEC].[Activity] ([Id], [Controller], [Action], [Method], [PermissionId]) VALUES (8, N'Account', N'ForgotPassword', N'GET', 1029)
INSERT INTO [SEC].[Activity] ([Id], [Controller], [Action], [Method], [PermissionId]) VALUES (9, N'Account', N'ForgotPassword', N'POST', 1029)
INSERT INTO [SEC].[Activity] ([Id], [Controller], [Action], [Method], [PermissionId]) VALUES (10, N'Account', N'ForgotPasswordConfirmation', N'GET', 1029)
INSERT INTO [SEC].[Activity] ([Id], [Controller], [Action], [Method], [PermissionId]) VALUES (11, N'Account', N'ResetPassword', N'GET', 1029)
INSERT INTO [SEC].[Activity] ([Id], [Controller], [Action], [Method], [PermissionId]) VALUES (12, N'Account', N'ResetPassword', N'POST', 1029)
INSERT INTO [SEC].[Activity] ([Id], [Controller], [Action], [Method], [PermissionId]) VALUES (13, N'Account', N'ResetPasswordConfirmation', N'GET', 1029)
INSERT INTO [SEC].[Activity] ([Id], [Controller], [Action], [Method], [PermissionId]) VALUES (19, N'Account', N'LogOff', N'POST', 1029)
INSERT INTO [SEC].[Activity] ([Id], [Controller], [Action], [Method], [PermissionId]) VALUES (21, N'Config', N'Index', N'GET', 28)
INSERT INTO [SEC].[Activity] ([Id], [Controller], [Action], [Method], [PermissionId]) VALUES (22, N'Config', N'Options', N'GET', 28)
INSERT INTO [SEC].[Activity] ([Id], [Controller], [Action], [Method], [PermissionId]) VALUES (23, N'Config', N'Options', N'POST', 28)
INSERT INTO [SEC].[Activity] ([Id], [Controller], [Action], [Method], [PermissionId]) VALUES (24, N'Config', N'Businesses', N'GET', 28)
INSERT INTO [SEC].[Activity] ([Id], [Controller], [Action], [Method], [PermissionId]) VALUES (25, N'Config', N'Business', N'GET', 28)
INSERT INTO [SEC].[Activity] ([Id], [Controller], [Action], [Method], [PermissionId]) VALUES (26, N'Config', N'Business', N'POST', 28)
INSERT INTO [SEC].[Activity] ([Id], [Controller], [Action], [Method], [PermissionId]) VALUES (27, N'Config', N'DeleteBusiness', N'GET', 28)
INSERT INTO [SEC].[Activity] ([Id], [Controller], [Action], [Method], [PermissionId]) VALUES (28, N'Config', N'DeleteBusiness', N'POST', 28)
INSERT INTO [SEC].[Activity] ([Id], [Controller], [Action], [Method], [PermissionId]) VALUES (29, N'Config', N'Line', N'GET', 28)
INSERT INTO [SEC].[Activity] ([Id], [Controller], [Action], [Method], [PermissionId]) VALUES (30, N'Config', N'Line', N'POST', 28)
INSERT INTO [SEC].[Activity] ([Id], [Controller], [Action], [Method], [PermissionId]) VALUES (38, N'Excel', N'Index', N'GET', 41)
INSERT INTO [SEC].[Activity] ([Id], [Controller], [Action], [Method], [PermissionId]) VALUES (39, N'Excel', N'Index', N'POST', 41)
INSERT INTO [SEC].[Activity] ([Id], [Controller], [Action], [Method], [PermissionId]) VALUES (40, N'Excel', N'Lines', N'GET', 41)
INSERT INTO [SEC].[Activity] ([Id], [Controller], [Action], [Method], [PermissionId]) VALUES (41, N'Excel', N'Employees', N'GET', 41)
INSERT INTO [SEC].[Activity] ([Id], [Controller], [Action], [Method], [PermissionId]) VALUES (42, N'Excel', N'HtmlData', N'GET', 1029)
INSERT INTO [SEC].[Activity] ([Id], [Controller], [Action], [Method], [PermissionId]) VALUES (43, N'Home', N'Index', N'GET', 1029)
INSERT INTO [SEC].[Activity] ([Id], [Controller], [Action], [Method], [PermissionId]) VALUES (44, N'Home', N'AdminDashboard', N'GET', 43)
INSERT INTO [SEC].[Activity] ([Id], [Controller], [Action], [Method], [PermissionId]) VALUES (47, N'Home', N'AssignBusiness', N'GET', 28)
INSERT INTO [SEC].[Activity] ([Id], [Controller], [Action], [Method], [PermissionId]) VALUES (48, N'Home', N'AssignBusiness', N'POST', 28)
INSERT INTO [SEC].[Activity] ([Id], [Controller], [Action], [Method], [PermissionId]) VALUES (49, N'Home', N'MultipleBusinesses', N'GET', 46)
INSERT INTO [SEC].[Activity] ([Id], [Controller], [Action], [Method], [PermissionId]) VALUES (50, N'Home', N'SingleBusiness', N'GET', 46)
INSERT INTO [SEC].[Activity] ([Id], [Controller], [Action], [Method], [PermissionId]) VALUES (51, N'Home', N'Compare', N'GET', 47)
INSERT INTO [SEC].[Activity] ([Id], [Controller], [Action], [Method], [PermissionId]) VALUES (52, N'Home', N'Compare', N'POST', 47)
INSERT INTO [SEC].[Activity] ([Id], [Controller], [Action], [Method], [PermissionId]) VALUES (53, N'Home', N'About', N'GET', 1029)
INSERT INTO [SEC].[Activity] ([Id], [Controller], [Action], [Method], [PermissionId]) VALUES (54, N'Home', N'GetDiagnostics', N'GET', 28)
INSERT INTO [SEC].[Activity] ([Id], [Controller], [Action], [Method], [PermissionId]) VALUES (55, N'Home', N'GetDiagnostics', N'POST', 28)
INSERT INTO [SEC].[Activity] ([Id], [Controller], [Action], [Method], [PermissionId]) VALUES (56, N'Manage', N'Index', N'GET', 1029)
INSERT INTO [SEC].[Activity] ([Id], [Controller], [Action], [Method], [PermissionId]) VALUES (57, N'Manage', N'RemoveLogin', N'POST', 1029)
INSERT INTO [SEC].[Activity] ([Id], [Controller], [Action], [Method], [PermissionId]) VALUES (58, N'Manage', N'AddPhoneNumber', N'GET', 1029)
INSERT INTO [SEC].[Activity] ([Id], [Controller], [Action], [Method], [PermissionId]) VALUES (59, N'Manage', N'AddPhoneNumber', N'POST', 1029)
INSERT INTO [SEC].[Activity] ([Id], [Controller], [Action], [Method], [PermissionId]) VALUES (60, N'Manage', N'EnableTwoFactorAuthentication', N'POST', 1029)
INSERT INTO [SEC].[Activity] ([Id], [Controller], [Action], [Method], [PermissionId]) VALUES (61, N'Manage', N'DisableTwoFactorAuthentication', N'POST', 1029)
INSERT INTO [SEC].[Activity] ([Id], [Controller], [Action], [Method], [PermissionId]) VALUES (62, N'Manage', N'VerifyPhoneNumber', N'GET', 1029)
INSERT INTO [SEC].[Activity] ([Id], [Controller], [Action], [Method], [PermissionId]) VALUES (63, N'Manage', N'VerifyPhoneNumber', N'POST', 1029)
INSERT INTO [SEC].[Activity] ([Id], [Controller], [Action], [Method], [PermissionId]) VALUES (64, N'Manage', N'RemovePhoneNumber', N'GET', 1029)
INSERT INTO [SEC].[Activity] ([Id], [Controller], [Action], [Method], [PermissionId]) VALUES (65, N'Manage', N'ChangePassword', N'GET', 1029)
INSERT INTO [SEC].[Activity] ([Id], [Controller], [Action], [Method], [PermissionId]) VALUES (66, N'Manage', N'ChangePassword', N'POST', 1029)
INSERT INTO [SEC].[Activity] ([Id], [Controller], [Action], [Method], [PermissionId]) VALUES (67, N'Manage', N'SetPassword', N'GET', 1029)
INSERT INTO [SEC].[Activity] ([Id], [Controller], [Action], [Method], [PermissionId]) VALUES (68, N'Manage', N'SetPassword', N'POST', 1029)
INSERT INTO [SEC].[Activity] ([Id], [Controller], [Action], [Method], [PermissionId]) VALUES (69, N'Manage', N'ManageLogins', N'GET', 1029)
INSERT INTO [SEC].[Activity] ([Id], [Controller], [Action], [Method], [PermissionId]) VALUES (70, N'Manage', N'LinkLogin', N'POST', 1029)
INSERT INTO [SEC].[Activity] ([Id], [Controller], [Action], [Method], [PermissionId]) VALUES (71, N'Manage', N'LinkLoginCallback', N'GET', 1029)
INSERT INTO [SEC].[Activity] ([Id], [Controller], [Action], [Method], [PermissionId]) VALUES (72, N'TimeZone', N'RefreshOffset', N'GET', 1029)
INSERT INTO [SEC].[Activity] ([Id], [Controller], [Action], [Method], [PermissionId]) VALUES (73, N'TimeZone', N'RefreshOffset', N'POST', 1029)
INSERT INTO [SEC].[Activity] ([Id], [Controller], [Action], [Method], [PermissionId]) VALUES (74, N'Config', N'RolesOverview', N'GET', 28)
INSERT INTO [SEC].[Activity] ([Id], [Controller], [Action], [Method], [PermissionId]) VALUES (75, N'Config', N'RoleEditor', N'GET', 28)
INSERT INTO [SEC].[Activity] ([Id], [Controller], [Action], [Method], [PermissionId]) VALUES (76, N'Config', N'RoleEditor', N'POST', 28)
INSERT INTO [SEC].[Activity] ([Id], [Controller], [Action], [Method], [PermissionId]) VALUES (77, N'Config', N'UserEditor', N'GET', 28)
INSERT INTO [SEC].[Activity] ([Id], [Controller], [Action], [Method], [PermissionId]) VALUES (78, N'Config', N'UserEditor', N'POST', 28)
INSERT INTO [SEC].[Activity] ([Id], [Controller], [Action], [Method], [PermissionId]) VALUES (79, N'Config', N'UsersOverview', N'GET', 28)
SET IDENTITY_INSERT [SEC].[Activity] OFF
GO

INSERT INTO [SEC].[RolePermission] ([PermissionId], [RoleId]) VALUES (28, 1)
INSERT INTO [SEC].[RolePermission] ([PermissionId], [RoleId]) VALUES (41, 1)
INSERT INTO [SEC].[RolePermission] ([PermissionId], [RoleId]) VALUES (41, 2)
INSERT INTO [SEC].[RolePermission] ([PermissionId], [RoleId]) VALUES (43, 1)
INSERT INTO [SEC].[RolePermission] ([PermissionId], [RoleId]) VALUES (46, 1)
INSERT INTO [SEC].[RolePermission] ([PermissionId], [RoleId]) VALUES (46, 2)
INSERT INTO [SEC].[RolePermission] ([PermissionId], [RoleId]) VALUES (47, 1)
INSERT INTO [SEC].[RolePermission] ([PermissionId], [RoleId]) VALUES (47, 2)
INSERT INTO [SEC].[RolePermission] ([PermissionId], [RoleId]) VALUES (1029, 3)
INSERT INTO [SEC].[RolePermission] ([PermissionId], [RoleId]) VALUES (1029, 1)
INSERT INTO [SEC].[RolePermission] ([PermissionId], [RoleId]) VALUES (1029, 2)
GO

COMMIT
